,Date,VehicleId,Mileage,Fuel(in litres),Duration(in milliseconds),Total Distance
0,2019-11-08,12DF03C6:19890368935358464685,,,112000.0,2.303
1,2019-11-08,12DF03C6:19317455059550208687,,,34184000.0,431.28
2,2019-11-08,12DF03C6:19060512629444608688,,,38662000.0,451.556999999999
3,2019-11-09,12DF03C6:19890368935358464685,,,1469000.0,
4,2019-11-09,12DF03C6:19317455059550208687,,,38968000.0,215.335
5,2019-11-09,12DF03C6:19060512629444608688,,,30510000.0,502.115
6,2019-11-10,12DF03C6:19317455059550208687,,,204000.0,0.081
7,2019-11-10,12DF03C6:19060512629444608688,,,39581000.0,403.174
8,2019-11-11,12DF03C6:19317455059550208687,,,61000.0,
9,2019-11-11,12DF03C6:19060512629444608688,,,39107000.0,514.018
10,2019-11-12,12DF03C6:19890368935358464685,,,1210000.0,1.067
11,2019-11-12,12DF03C6:19060512629444608688,,,28978000.0,400.861
12,2019-11-13,12DF03C6:19890368935358464685,,,1168000.0,341.74
13,2019-11-13,12DF03C6:19317455059550208687,,,0.0,0.03
14,2019-11-13,12DF03C6:19060512629444608688,,,38523000.0,516.728999999999
15,2019-11-14,12DF03C6:19890368935358464685,,,30570000.0,220.297
16,2019-11-14,12DF03C6:19317455059550208687,,,0.0,0.196
17,2019-11-14,12DF03C6:19060512629444608688,,,40086000.0,403.116999999999
18,2019-11-15,12DF03C6:19890368935358464685,,,37042000.0,427.132999999999
19,2019-11-15,12DF03C6:19317455059550208687,,,81000.0,109.211999999999
20,2019-11-15,12DF03C6:19060512629444608688,,,32188000.0,516.749
21,2019-11-16,12DF03C6:19890368935358464685,,,35837000.0,433.8
22,2019-11-16,12DF03C6:19317455059550208687,,,28099000.0,637.319999999999
23,2019-11-16,12DF03C6:19060512629444608688,,,42419000.0,345.021999999999
24,2019-11-17,12DF03C6:19890368935358464685,,,35655000.0,418.062
25,2019-11-17,12DF03C6:19317455059550208687,,,47501000.0,395.762
26,2019-11-17,12DF03C6:19060512629444608688,,,30926000.0,503.283
27,2019-11-18,12DF03C6:19890368935358464685,,,36868000.0,322.787
28,2019-11-18,12DF03C6:19317455059550208687,,,33016000.0,384.871
29,2019-11-18,12DF03C6:19060512629444608688,,,45585000.0,398.934
30,2019-11-19,12DF03C6:19890368935358464685,,,29786000.0,599.298
31,2019-11-19,12DF03C6:19317455059550208687,,,31748000.0,368.541
32,2019-11-19,12DF03C6:19060512629444608688,,,27047000.0,564.676999999999
33,2019-11-20,12DF03C6:19890368935358464685,,,35599000.0,326.944
34,2019-11-20,12DF03C6:19317455059550208687,,,30767000.0,437.593
35,2019-11-20,12DF03C6:19060512629444608688,,,40925000.0,392.121999999999
36,2019-11-21,12DF03C6:19890368935358464685,,,37542000.0,425.581999999999
37,2019-11-21,12DF03C6:19317455059550208687,,,65213000.0,325.388
38,2019-11-21,12DF03C6:19060512629444608688,,,44813000.0,518.253999999999
39,2019-11-22,12DF03C6:19890368935358464685,,,37803000.0,431.73
40,2019-11-22,12DF03C6:19317455059550208687,,,32442000.0,645.876
41,2019-11-22,12DF03C6:19060512629444608688,,,31893000.0,337.652
42,2019-11-23,12DF03C6:19890368935358464685,,,33903000.0,422.479
43,2019-11-23,12DF03C6:19317455059550208687,,,35929000.0,323.551
44,2019-11-23,12DF03C6:19060512629444608688,,,34446000.0,569.79
45,2019-11-24,12DF03C6:19890368935358464685,,,37171000.0,431.881
46,2019-11-24,12DF03C6:19317455059550208687,,,31154000.0,422.567
47,2019-11-24,12DF03C6:19060512629444608688,,,43512000.0,338.856999999999
48,2019-11-25,12DF03C6:19890368935358464685,,,28557000.0,358.58
49,2019-11-25,12DF03C6:19317455059550208687,,,32449000.0,432.058
50,2019-11-25,12DF03C6:19060512629444608688,,,28781000.0,566.008999999999
51,2019-11-26,12DF03C6:19890368935358464685,,,32845000.0,434.752
52,2019-11-26,12DF03C6:19317455059550208687,,,30926000.0,423.938999999999
53,2019-11-26,12DF03C6:19060512629444608688,,,43071000.0,351.923
54,2019-11-27,12DF03C6:19890368935358464685,,,34348000.0,410.201
55,2019-11-27,12DF03C6:19317455059550208687,,,33365000.0,433.811
56,2019-11-27,12DF03C6:19060512629444608688,,,38379000.0,566.097
57,2019-11-28,12DF03C6:19890368935358464685,,,54031000.0,429.086
58,2019-11-28,12DF03C6:19317455059550208687,,,33228000.0,423.207
59,2019-11-28,12DF03C6:19060512629444608688,,,41223000.0,396.395999999999
60,2019-11-29,12DF03C6:19890368935358464685,,,33894000.0,433.658
61,2019-11-29,12DF03C6:19317455059550208687,,,33997000.0,433.3
62,2019-11-29,12DF03C6:19060512629444608688,,,30599000.0,455.252999999999
63,2019-11-30,12DF03C6:19890368935358464685,,,25385000.0,270.129
64,2019-11-30,12DF03C6:19317455059550208687,,,36004000.0,423.006999999999
65,2019-11-30,12DF03C6:19060512629444608688,,,43818000.0,402.295999999999
66,2019-12-01,12DF03C6:19890368935358464685,,,35156000.0,418.951
67,2019-12-01,12DF03C6:19317455059550208687,,,35937000.0,323.245
68,2019-12-01,12DF03C6:19060512629444608688,,,36991000.0,569.26
69,2019-12-02,12DF03C6:19890368935358464685,,,35333000.0,419.171
70,2019-12-02,12DF03C6:19317455059550208687,,,31313000.0,631.331
71,2019-12-02,12DF03C6:19060512629444608688,,,31248000.0,309.168
72,2019-12-03,12DF03C6:19890368935358464685,,,21326000.0,3.23999999999999
73,2019-12-03,12DF03C6:19317455059550208687,,,41062000.0,215.405
74,2019-12-03,12DF03C6:19060512629444608688,,,39508000.0,568.781999999999
75,2019-12-04,12DF03C6:19890368935358464685,,,11897000.0,385.508999999999
76,2019-12-04,12DF03C6:19317455059550208687,,,11882000.0,109.037999999999
77,2019-12-04,12DF03C6:19060512629444608688,,,36971000.0,307.451
78,2019-12-05,12DF03C6:19890368935358464685,,,34331000.0,423.006
79,2019-12-05,12DF03C6:19317455059550208687,,,20225000.0,437.089
80,2019-12-05,12DF03C6:19060512629444608688,,,25027000.0,575.583
81,2019-12-06,12DF03C6:19890368935358464685,,,37581000.0,433.282
82,2019-12-06,12DF03C6:19317455059550208687,,,34256000.0,438.191
83,2019-12-06,12DF03C6:19060512629444608688,,,43558000.0,322.828
84,2019-12-07,12DF03C6:19890368935358464685,,,33918000.0,402.004
85,2019-12-07,12DF03C6:19317455059550208687,,,36008000.0,436.140999999999
86,2019-12-07,12DF03C6:19060512629444608688,,,31392000.0,572.249
87,2019-12-08,12DF03C6:19890368935358464685,,,78897000.0,430.879
88,2019-12-08,12DF03C6:19317455059550208687,,,24998000.0,219.629
89,2019-12-08,12DF03C6:19060512629444608688,,,35878000.0,264.464
90,2019-12-09,12DF03C6:19890368935358464685,,,42034000.0,355.014
91,2019-12-09,12DF03C6:19317455059550208687,,,24137000.0,432.979999999999
92,2019-12-09,12DF03C6:19060512629444608688,,,33353000.0,558.307
93,2019-12-10,12DF03C6:19890368935358464685,,,33703000.0,355.191999999999
94,2019-12-10,12DF03C6:19317455059550208687,,,32388000.0,430.674999999999
95,2019-12-10,12DF03C6:19060512629444608688,,,32674000.0,391.439999999999
96,2019-12-11,12DF03C6:19890368935358464685,,,29570000.0,435.681
97,2019-12-11,12DF03C6:19317455059550208687,,,51470000.0,432.933
98,2019-12-11,12DF03C6:19060512629444608688,,,31081000.0,515.323
99,2019-12-24,12DF03C6:19890368935358464685,,,36507000.0,483.357999999999
100,2019-12-24,12DF03C6:19317455059550208687,,,29792000.0,535.858
101,2019-12-24,12DF03C6:19060512629444608688,,,31177000.0,340.179
102,2019-12-25,12DF03C6:19890368935358464685,,,67401000.0,221.707
103,2019-12-25,12DF03C6:19317455059550208687,,,54784000.0,395.95
104,2019-12-25,12DF03C6:19060512629444608688,,,34983000.0,527.587
105,2019-12-26,12DF03C6:19890368935358464685,,,39676000.0,536.541999999999
106,2019-12-26,12DF03C6:19317455059550208687,,,33908000.0,456.814999999999
107,2019-12-26,12DF03C6:19060512629444608688,,,40408000.0,374.589
108,2019-12-27,12DF03C6:19890368935358464685,,,51374000.0,323.755
109,2019-12-27,12DF03C6:19317455059550208687,,,36226000.0,226.289999999999
110,2019-12-27,12DF03C6:19060512629444608688,,,37031000.0,506.844999999999
111,2019-12-28,12DF03C6:19890368935358464685,,,46102000.0,508.696999999999
112,2019-12-28,12DF03C6:19317455059550208687,,,16666000.0,233.64
113,2019-12-28,12DF03C6:19060512629444608688,,,32073000.0,398.98
114,2019-12-29,12DF03C6:19890368935358464685,,,39172000.0,432.954
115,2019-12-29,12DF03C6:19317455059550208687,,,35925000.0,421.477
116,2019-12-29,12DF03C6:19060512629444608688,,,31819000.0,508.25
117,2019-12-30,12DF03C6:19890368935358464685,,,34237000.0,432.083
118,2019-12-30,12DF03C6:19317455059550208687,,,32295000.0,323.468999999999
119,2019-12-30,12DF03C6:19060512629444608688,,,42181000.0,449.519
120,2019-12-31,12DF03C6:19890368935358464685,,,55728000.0,215.237
121,2019-12-31,12DF03C6:19317455059550208687,,,32067000.0,291.717
122,2019-12-31,12DF03C6:19060512629444608688,,,40513000.0,289.356
123,2020-01-01,12DF03C6:19060512629444608688,,,31897000.0,356.300999999999
124,2020-01-01,12DF03C6:19317455059550208687,,,15281000.0,217.166999999999
125,2020-01-01,12DF03C6:19890203641970688685,,,19323000.0,217.591
126,2020-01-02,12DF03C6:19060512629444608688,,,3355000.0,21.581
127,2020-01-02,12DF03C6:19317455059550208687,,,18281000.0,218.984
128,2020-01-02,12DF03C6:19890203641970688685,,,44676000.0,405.789
129,2020-01-03,12DF03C6:19060512629444608688,,,4202000.0,49.025
130,2020-01-03,12DF03C6:19317455059550208687,,,59541000.0,455.555999999999
131,2020-01-03,12DF03C6:19890203641970688685,,,30922000.0,370.921
132,2020-01-04,12DF03C6:19060512629444608688,,,39729000.0,483.699
133,2020-01-04,12DF03C6:19317455059550208687,,,31462000.0,438.849
134,2020-01-04,12DF03C6:19890203641970688685,,,72813000.0,390.268999999999
135,2020-01-05,12DF03C6:19060512629444608688,,,28909000.0,321.859
136,2020-01-05,12DF03C6:19317455059550208687,,,49000000.0,637.778
137,2020-01-05,12DF03C6:19890203641970688685,,,25127000.0,315.979
138,2020-01-06,12DF03C6:19060512629444608688,,,25932000.0,348.892
139,2020-01-06,12DF03C6:19317455059550208687,,,330000.0,0.494
140,2020-01-06,12DF03C6:19890203641970688685,,,37886000.0,429.56
141,2020-01-07,12DF03C6:19683837391187968688,,,,
142,2020-01-07,12DF03C6:19060512629444608688,,,,
143,2020-01-07,12DF03C6:19317455059550208687,,,,
144,2020-01-07,12DF03C6:19890203641970688685,,,22881000.0,224.149
145,2020-01-08,12DF03C6:19683837391187968688,,,,
146,2020-01-08,12DF03C6:19060512629444608688,,,17335000.0,220.198
147,2020-01-08,12DF03C6:19317455059550208687,,,18008000.0,217.043
148,2020-01-08,12DF03C6:19890203641970688685,,,5903000.0,4.763
149,2020-01-09,12DF03C6:19683837391187968688,,,,
150,2020-01-09,12DF03C6:19060512629444608688,,,31611000.0,392.328
151,2020-01-09,12DF03C6:19317455059550208687,,,37713000.0,421.527
152,2020-01-09,12DF03C6:19890203641970688685,,,21667000.0,206.237
153,2020-01-10,12DF03C6:19683837391187968688,,,,
154,2020-01-10,12DF03C6:19060512629444608688,,,41337000.0,516.497
155,2020-01-10,12DF03C6:19317455059550208687,,,34087000.0,432.049
156,2020-01-10,12DF03C6:19890203641970688685,,,36837000.0,409.164999999999
157,2020-01-11,12DF03C6:19683837391187968688,,,,
158,2020-01-11,12DF03C6:19890203641970688685,,,,
159,2020-01-11,12DF03C6:19060512629444608688,,,27370000.0,337.977999999999
160,2020-01-11,12DF03C6:19317455059550208687,,,44269000.0,421.986
161,2020-01-11,12DF03C6:19890368935358464685,,,9778000.0,168.661999999999
162,2020-01-12,12DF03C6:19683837391187968688,,,,
163,2020-01-12,12DF03C6:19890203641970688685,,,,
164,2020-01-12,12DF03C6:19060512629444608688,,,43965000.0,560.37
165,2020-01-12,12DF03C6:19317455059550208687,,,30840000.0,431.315
166,2020-01-12,12DF03C6:19890368935358464685,,,,
167,2020-01-13,12DF03C6:19060512629444608688,,,33705000.0,402.215
168,2020-01-13,12DF03C6:19317455059550208687,,,39659000.0,422.471
169,2020-01-13,12DF03C6:19890368935358464685,,,,
170,2020-01-14,12DF03C6:19060512629444608688,,,37459000.0,471.448
171,2020-01-14,12DF03C6:19317455059550208687,,,14063000.0,215.704999999999
172,2020-01-14,12DF03C6:19890368935358464685,,,,
173,2020-01-15,12DF03C6:19890203641970688685,,,,
174,2020-01-15,12DF03C6:19060512629444608688,,,17091000.0,232.4
175,2020-01-15,12DF03C6:19317455059550208687,,,0.0,0.006
176,2020-01-15,12DF03C6:19890368935358464685,,,,
177,2020-01-07,12DF03C6:19978048393314304687,5.41841040102503,13.3528091534581,5648000.0,72.351
178,2019-11-19,12DF03C6:19636436681228288687,5.21793717438623,80.6485371394873,51105000.0,354.513
179,2019-12-09,12DF03C6:19978048393314304687,5.20899067044323,80.568391566017,49010000.0,420.621
180,2019-12-10,12DF03C6:19636436681228288687,5.19217760605026,81.0684903208076,50382000.0,486.287
181,2019-11-13,12DF03C6:19636436681228288687,5.13949031198289,82.0048242949975,50591000.0,429.825999999999
182,2019-11-14,12DF03C6:19978048393314304687,5.13506211396829,82.3631711970001,47482000.0,488.699999999999
183,2019-11-11,12DF03C6:19978048393314304687,5.12358584057378,82.0659618250704,53665000.0,562.516
184,2019-10-29,12DF03C6:19636436681228288687,5.10475978629727,81.1662090569272,50092000.0,346.795
185,2020-01-15,12DF03C6:19636436681228288687,5.08815197776204,29.9539008791627,17216000.0,152.41
186,2020-01-10,12DF03C6:19636436681228288687,5.07337989637717,83.729586326334,51263000.0,424.792
187,2019-12-30,12DF03C6:19636436681228288687,5.06876596728519,82.7402572355542,51048000.0,424.383
188,2019-11-08,12DF03C6:19978048393314304687,5.03939765409545,83.4395356076489,50880000.0,434.121999999999
189,2019-11-18,12DF03C6:19636436681228288687,5.03705156208199,83.6318617762727,49535000.0,420.021
190,2019-11-17,12DF03C6:19636436681228288687,5.01171076330093,83.9346123244625,49129000.0,488.53
191,2019-12-10,12DF03C6:19978048393314304687,5.00107536390931,84.1279063771432,48588000.0,140.603999999999
192,2019-12-29,12DF03C6:19978048393314304687,4.99386834749543,83.6672036437544,48932000.0,492.371999999999
193,2019-11-15,12DF03C6:19636436681228288687,4.97356375905421,84.191139449598,51907000.0,374.14
194,2019-12-31,12DF03C6:19636436681228288687,4.90313086761327,86.5467415530279,54744000.0,140.235
195,2020-01-09,12DF03C6:19636436681228288687,4.89876088913821,86.2428294748477,52068000.0,422.483
196,2019-12-25,12DF03C6:19636436681228288687,4.87963348801224,86.1615941100667,47754000.0,73.131
197,2020-01-15,12DF03C6:19978048393314304687,4.85916539191179,1.07940347301831,1757000.0,5.245
198,2019-10-27,12DF03C6:19978048393314304687,4.8478850457491,87.0175336294127,41402000.0,422.024
199,2019-11-25,12DF03C6:19636436681228288687,4.79535535095703,33.3848043123747,24342000.0,2.282
200,2019-11-25,12DF03C6:19978048393314304687,4.7949023220725,87.5932337696637,46789000.0,357.874999999999
201,2019-11-17,12DF03C6:19978048393314304687,4.7879668266859,88.3253822150474,52915000.0,352.919999999999
202,2019-11-30,12DF03C6:19978048393314304687,4.78029717878205,88.0505927263796,50977000.0,72.975
203,2019-12-04,12DF03C6:19636436681228288687,4.71951074801087,89.502073955024,47537000.0,73.711
204,2019-11-28,12DF03C6:19636436681228288687,4.71228410547232,89.8485724806617,54670000.0,354.438999999999
205,2019-11-12,12DF03C6:19636436681228288687,4.70024796497642,90.2975764603366,48557000.0,491.01
206,2019-10-26,12DF03C6:19636436681228288687,4.69551520583584,60.8504045828425,37504000.0,285.256
207,2019-11-06,12DF03C6:19636436681228288687,4.69176502606583,89.2414683331,47082000.0,549.039
208,2019-12-25,12DF03C6:19978048393314304687,4.6635291903712,90.2829129641378,48526000.0,357.270999999999
209,2019-12-07,12DF03C6:19636436681228288687,4.65810383793997,90.192278793381,48267000.0,488.757
210,2019-11-27,12DF03C6:19636436681228288687,4.64293601273298,90.9431012708388,53718000.0,423.675
211,2019-10-25,12DF03C6:19636436681228288687,4.63593739586397,90.558168532334,54040000.0,352.531
212,2020-01-08,12DF03C6:19636436681228288687,4.62572594270797,76.4050884936553,47266000.0,353.429
213,2019-11-22,12DF03C6:19978048393314304687,4.61194880056577,90.6189591585946,49441000.0,420.633
214,2019-11-23,12DF03C6:19636436681228288687,4.60995133597717,91.3495543246847,53673000.0,421.64
215,2020-01-09,12DF03C6:19978048393314304687,4.5950939419025,92.5417424271284,51774000.0,425.238
216,2019-12-26,12DF03C6:19978048393314304687,4.58113387638917,93.5622078649743,55405000.0,423.303
217,2020-01-03,12DF03C6:19636436681228288687,4.57318227606328,108.121647061407,61960000.0,494.46
218,2019-12-24,12DF03C6:19978048393314304687,4.56699769313193,94.1185060475095,60892000.0,349.760999999999
219,2019-12-04,12DF03C6:19978048393314304687,4.56631564791124,108.393952184713,58526000.0,424.578
220,2019-11-10,12DF03C6:19978048393314304687,4.56305282051483,90.4486571236828,48272000.0,416.015999999999
221,2019-10-27,12DF03C6:19636436681228288687,4.55160813697745,92.2564041901131,41524000.0,417.719
222,2019-12-28,12DF03C6:19978048393314304687,4.53797044741198,92.9186306712232,51503000.0,486.125
223,2019-12-29,12DF03C6:19636436681228288687,4.53344699572345,93.3020724404653,51192000.0,419.673
224,2019-10-23,12DF03C6:19978048393314304687,4.53211418220717,92.4630278833614,46819000.0,141.933999999999
225,2019-11-20,12DF03C6:19636436681228288687,4.52706025883308,93.3479953520498,48942000.0,489.068999999999
226,2019-11-19,12DF03C6:19978048393314304687,4.5252734394166,93.0779113436957,51972000.0,420.295
227,2019-11-20,12DF03C6:19978048393314304687,4.52491233423324,92.9748399360512,48755000.0,496.448999999999
228,2019-12-06,12DF03C6:19636436681228288687,4.51774730628957,92.5704718849085,46021000.0,419.999
229,2019-11-11,12DF03C6:19636436681228288687,4.50392618810699,1.56996356171901,977000.0,289.622
230,2019-12-07,12DF03C6:19978048393314304687,4.49742527771341,93.4412411658034,53331000.0,491.169
231,2020-01-14,12DF03C6:19978048393314304687,4.49460808989781,94.3356999140807,49592000.0,424.002
232,2019-11-18,12DF03C6:19978048393314304687,4.49424702351596,93.5785233431563,47592000.0,421.489
233,2019-11-16,12DF03C6:19978048393314304687,4.4884763504436,94.0049511363246,48934000.0,490.140999999999
234,2019-11-13,12DF03C6:19978048393314304687,4.4884088677338,93.4772237476301,53198000.0,219.55
235,2019-11-21,12DF03C6:19636436681228288687,4.48792439063539,93.5546064180809,53433000.0,72.575
236,2020-01-13,12DF03C6:19978048393314304687,4.48229793912958,95.8104538859358,58345000.0,429.450999999999
237,2019-10-28,12DF03C6:19636436681228288687,4.4821687020016,93.2747131568922,48139000.0,419.191999999999
238,2019-12-08,12DF03C6:19636436681228288687,4.4806654743798,93.9469822969243,52496000.0,421.224999999999
239,2019-11-15,12DF03C6:19978048393314304687,4.47580539057827,95.0376441512444,46951000.0,490.172
240,2020-01-13,12DF03C6:19636436681228288687,4.47488249188536,95.0371324322352,51874000.0,425.28
241,2019-11-01,12DF03C6:19636436681228288687,4.47422737867782,77.7513010755392,41560000.0,557.657999999999
242,2019-12-08,12DF03C6:19978048393314304687,4.46325243933078,95.0116547885834,51891000.0,284.909
243,2020-01-04,12DF03C6:19978048393314304687,4.4621088504767,69.5724847606159,37159000.0,310.44
244,2020-01-11,12DF03C6:19636436681228288687,4.46019490496666,112.041067856368,60734000.0,499.724999999999
245,2019-11-16,12DF03C6:19636436681228288687,4.45451251503739,79.0786867947643,43158000.0,353.776
246,2019-10-24,12DF03C6:19636436681228288687,4.45141748065831,63.9582787363936,39021000.0,420.253
247,2020-01-04,12DF03C6:19636436681228288687,4.44967508793226,95.994649397759,54560000.0,427.145
248,2019-12-27,12DF03C6:19978048393314304687,4.43867776850488,94.5644225355392,47085000.0,421.0
249,2020-01-08,12DF03C6:19978048393314304687,4.43242154913697,62.6086659230399,35435000.0,277.508
250,2019-12-11,12DF03C6:19636436681228288687,4.42810159812151,94.3794966622469,48545000.0,352.915999999999
251,2019-12-09,12DF03C6:19636436681228288687,4.41806101163015,95.3730604649408,48465000.0,352.738999999999
252,2019-10-31,12DF03C6:19636436681228288687,4.41786455954105,95.575813678603,53188000.0,280.002
253,2019-11-12,12DF03C6:19978048393314304687,4.41091462950287,96.9234355932622,55362000.0,424.083999999999
254,2019-10-22,12DF03C6:19636436681228288687,4.40896023258814,32.4924681654261,15198000.0,423.651999999999
255,2020-01-06,12DF03C6:19978048393314304687,4.38976911624691,112.282442868295,57096000.0,492.894
256,2020-01-05,12DF03C6:19978048393314304687,4.38581719866139,65.2532896463053,36596000.0,286.188999999999
257,2020-01-14,12DF03C6:19636436681228288687,4.36624682750695,82.4328111119427,40985000.0,359.922
258,2020-01-11,12DF03C6:19978048393314304687,4.3621714786808,98.7324781029119,51986000.0,430.688
259,2019-10-30,12DF03C6:19636436681228288687,4.34709559878465,80.9984487340102,48361000.0,489.881
260,2019-12-31,12DF03C6:19978048393314304687,4.33873604805714,98.0237090455055,60484000.0,5.005
261,2019-11-02,12DF03C6:19636436681228288687,4.32920234885879,97.455135150062,57002000.0,427.982999999999
262,2019-11-29,12DF03C6:19636436681228288687,4.32663279101447,97.517635625618,49153000.0,73.863
263,2019-11-24,12DF03C6:19978048393314304687,4.32458032170057,97.6210333940539,47433000.0,419.644
264,2019-11-01,12DF03C6:19978048393314304687,4.31883950494829,113.693273259497,63281000.0,421.895
265,2020-01-02,12DF03C6:19978048393314304687,4.31330989237421,91.8788609880891,52833000.0,396.301999999999
266,2019-11-24,12DF03C6:19636436681228288687,4.31229647751263,97.8947069621473,49340000.0,233.488
267,2019-11-06,12DF03C6:19978048393314304687,4.28814132033447,82.2708426905302,44289000.0,421.878
268,2019-12-03,12DF03C6:19978048393314304687,4.28763028412355,81.4340269245887,44154000.0,417.913
269,2019-12-27,12DF03C6:19636436681228288687,4.28540296741189,82.7009741429378,50683000.0,416.097999999999
270,2019-12-02,12DF03C6:19978048393314304687,4.26726987738157,15.8644758698833,5643000.0,416.856999999999
271,2019-12-28,12DF03C6:19636436681228288687,4.25772806952051,98.871509200776,56293000.0,287.3
272,2019-10-23,12DF03C6:19636436681228288687,4.25090710497813,66.2380976686735,38481000.0,212.441
273,2019-10-30,12DF03C6:19978048393314304687,4.24942685970876,82.9483625996937,52913000.0,421.404999999999
274,2019-10-28,12DF03C6:19978048393314304687,4.24832583809144,83.7423996083659,44271000.0,423.869
275,2019-12-30,12DF03C6:19978048393314304687,4.23750127943607,101.60917286078,58776000.0,430.611999999999
276,2019-11-03,12DF03C6:19636436681228288687,4.23255090123003,100.00328640513,56342000.0,0.429
277,2019-11-27,12DF03C6:19978048393314304687,4.21617739502864,116.938153641576,58808000.0,424.68
278,2019-12-02,12DF03C6:19636436681228288687,4.21076044874793,100.357406968058,47879000.0,73.213
279,2019-11-29,12DF03C6:19978048393314304687,4.20612110926772,100.516126144928,54377000.0,349.242
280,2019-11-09,12DF03C6:19978048393314304687,4.18898438542902,103.651615773576,53788000.0,349.761999999999
281,2019-10-25,12DF03C6:19978048393314304687,4.1703448593793,119.044591452297,62599000.0,496.998
282,2019-11-23,12DF03C6:19978048393314304687,4.1662130637537,101.016197097902,49079000.0,489.731
283,2019-12-01,12DF03C6:19636436681228288687,4.15916032641163,102.538244869234,57468000.0,350.141
284,2019-12-06,12DF03C6:19978048393314304687,4.15688065602372,101.802537772348,55121000.0,352.866
285,2019-10-26,12DF03C6:19978048393314304687,4.14877894616616,118.584770696118,57234000.0,422.772
286,2019-11-28,12DF03C6:19978048393314304687,4.14002082365201,84.5730045606723,43017000.0,422.354999999999
287,2019-11-05,12DF03C6:19978048393314304687,4.11633858275755,119.520780448146,56965000.0,422.45
288,2019-11-02,12DF03C6:19978048393314304687,4.10137520307332,85.1543647453402,46058000.0,422.903
289,2019-11-14,12DF03C6:19636436681228288687,4.09906134687081,105.008186893467,55688000.0,396.753
290,2020-01-12,12DF03C6:19636436681228288687,4.09829259922195,104.28806378567,55519000.0,427.403
291,2019-11-26,12DF03C6:19978048393314304687,4.08466619294346,71.0386078797053,40333000.0,423.67
292,2019-11-07,12DF03C6:19636436681228288687,4.08061555721675,101.220267924901,52053000.0,5.032
293,2019-10-29,12DF03C6:19978048393314304687,4.07287552674993,120.472377998633,56177000.0,421.244
294,2019-11-03,12DF03C6:19978048393314304687,4.06907895914909,103.979795980286,53539000.0,0.199
295,2020-01-01,12DF03C6:19636436681228288687,4.06158892053821,104.848621643267,50282000.0,425.852
296,2020-01-10,12DF03C6:19978048393314304687,4.05254209341662,103.76301844788,50247000.0,420.503999999999
297,2019-11-04,12DF03C6:19978048393314304687,4.03434122719332,18.2922058011786,7651000.0,423.777
298,2020-01-01,12DF03C6:19978048393314304687,4.00312776868821,106.777506164902,54851000.0,427.444
299,2019-10-25,12DF03C6:19727335125463040688,4.0020751953125,0.0514732957145035,512000.0,
300,2019-12-05,12DF03C6:19978048393314304687,4.0017943649966,86.8435427466786,46721000.0,418.347999999999
301,2019-11-21,12DF03C6:19978048393314304687,3.97166246013575,106.828312893814,55164000.0,278.674999999999
302,2019-12-26,12DF03C6:19636436681228288687,3.96615444581736,19.3093842023131,9767000.0,430.546
303,2019-11-07,12DF03C6:19978048393314304687,3.95015095456783,88.4854791677803,44000000.0,348.031
304,2020-01-05,12DF03C6:19636436681228288687,3.89980525693134,91.9412576724757,45507000.0,358.553
305,2019-10-31,12DF03C6:19978048393314304687,3.88957360920786,90.9590704653232,47183000.0,422.949999999999
306,2019-11-05,12DF03C6:19636436681228288687,3.82568836833954,110.889847565949,52951000.0,350.48
307,2020-01-06,12DF03C6:19636436681228288687,3.82563460513172,130.549059580875,63715000.0,499.433
308,2020-01-12,12DF03C6:19978048393314304687,3.79579714596019,111.407692176086,50166000.0,422.881
309,2020-01-02,12DF03C6:19636436681228288687,3.74254025844198,113.992895343657,51478000.0,426.622999999999
310,2019-11-19,12DF03C6:19672291198406656667,3.18328419251722,45.7147371076931,16778000.0,
311,2019-11-02,12DF03C6:19890203641970688685,2.98149750775358,258.654920218614,56351000.0,415.936
312,2019-11-17,12DF03C6:19683837391187968688,2.86182030587594,271.479309307017,65826000.0,758.687
313,2019-11-04,12DF03C6:19683837391187968688,2.8532319119747,275.590987434242,57119000.0,767.55
314,2019-11-23,12DF03C6:19523068255842304686,2.77663519635465,278.495713450299,50125000.0,776.312
315,2019-11-16,12DF03C6:19683837391187968688,2.69499993749592,294.43043354475,64274000.0,776.925
316,2019-10-26,12DF03C6:19683837391187968688,2.68698179408791,288.531541860768,65875000.0,0.387000000004656
317,2019-12-07,12DF03C6:19683837391187968688,2.67205376579067,297.75860433129,60003000.0,517.785
318,2019-11-20,12DF03C6:19683837391187968688,2.6543267164158,295.532194717628,55491000.0,433.472
319,2019-10-31,12DF03C6:19890203641970688685,2.62407719280892,304.844690618157,63683000.0,787.905
320,2019-11-01,12DF03C6:19890203641970688685,2.62251862426926,300.438285817528,63611000.0,771.179
321,2019-11-21,12DF03C6:19523068255842304686,2.61721924976849,293.78929566868,50426000.0,779.953
322,2019-11-18,12DF03C6:19683837391187968688,2.61675884233244,289.933863115848,61190000.0,775.142
323,2019-10-30,12DF03C6:19683837391187968688,2.59945625216087,282.04244614255,64810000.0,842.167
324,2019-11-06,12DF03C6:19613968860508160686,2.59427935036272,284.559563678746,65500000.0,833.256
325,2019-10-21,12DF03C6:19613968860508160686,2.57368467626605,221.412904717873,47907000.0,698.795
326,2019-11-29,12DF03C6:19523068255842304686,2.57048834823796,304.611767852104,64249000.0,793.753
327,2019-12-02,12DF03C6:19683837391187968688,2.56748715654052,307.307866366553,58084000.0,536.12
328,2019-11-14,12DF03C6:19727335125463040688,2.55618032182942,303.901095461073,67283000.0,796.012999999999
329,2019-11-30,12DF03C6:19523068255842304686,2.55067810708527,311.192932497092,59994000.0,650.369
330,2020-01-04,12DF03C6:19523068255842304686,2.54872953485594,132.02185457431,30185000.0,336.488
331,2019-10-30,12DF03C6:19890203641970688685,2.52421681064659,313.508727404952,66488000.0,799.936
332,2019-12-25,12DF03C6:19683837391187968688,2.51758749945297,320.361060012907,60446000.0,307.748
333,2019-10-24,12DF03C6:19890203641970688685,2.51727382108106,314.652698235203,66841000.0,803.670999999999
334,2019-11-08,12DF03C6:19683837391187968688,2.51336687607244,318.741767318854,59780000.0,458.84
335,2019-11-12,12DF03C6:19683837391187968688,2.5038949259881,319.201892900763,61158000.0,543.058
336,2019-11-15,12DF03C6:19727335125463040688,2.49278575994462,319.326679729462,64499000.0,612.91
337,2019-10-21,12DF03C6:19890203641970688685,2.4898803939298,311.150287334581,62544000.0,159.689
338,2019-11-28,12DF03C6:19727335125463040688,2.48661352572084,311.207186800637,62890000.0,587.696
339,2019-11-03,12DF03C6:19683837391187968688,2.48304527487414,332.678589616884,72920000.0,786.325
340,2019-12-05,12DF03C6:19683837391187968688,2.47901333339749,314.743365631946,64736000.0,0.026
341,2019-10-31,12DF03C6:19523068255842304686,2.47707722626723,240.486244709325,52780000.0,545.944
342,2019-10-31,12DF03C6:19683837391187968688,2.4504767330355,343.674758730221,73973000.0,802.398
343,2019-10-29,12DF03C6:19890203641970688685,2.44174117142634,168.272134986356,40646000.0,791.47
344,2019-12-24,12DF03C6:19683837391187968688,2.44097978930333,313.676910949978,68320000.0,806.537
345,2019-11-11,12DF03C6:19727335125463040688,2.4359506648595,325.511518537151,55372000.0,488.538
346,2019-11-20,12DF03C6:19523068255842304686,2.42787324220898,315.880576739732,59075000.0,768.911
347,2019-10-27,12DF03C6:19890203641970688685,2.42633965682347,312.625644916121,61555000.0,413.065
348,2019-11-01,12DF03C6:19523068255842304686,2.42487327506778,287.480177693209,54193000.0,724.102
349,2019-11-07,12DF03C6:19613968860508160686,2.41892395414026,344.473830429348,73331000.0,185.585
350,2019-11-10,12DF03C6:19683837391187968688,2.41530116161526,182.427353988997,36260000.0,793.455
351,2019-11-14,12DF03C6:19683837391187968688,2.41350388489125,414.14269364022,76960000.0,785.756
352,2019-11-25,12DF03C6:19523068255842304686,2.40946282019642,329.35515474578,59491000.0,528.582
353,2019-10-25,12DF03C6:19683837391187968688,2.40383315532147,328.431695957041,67273000.0,775.279
354,2019-11-19,12DF03C6:19683837391187968688,2.39566867722296,323.559767412636,63315000.0,784.439
355,2020-01-15,12DF03C6:19523068255842304686,2.38463611176762,24.6519792726046,4512000.0,58.786
356,2019-11-22,12DF03C6:19523068255842304686,2.38315496559074,327.277500314236,64819000.0,773.281
357,2019-11-04,12DF03C6:19890203641970688685,2.37807265139271,97.8342692195484,19813000.0,0.364
358,2019-11-12,12DF03C6:19890203641970688685,2.37107287677434,423.455563021715,82554000.0,10.213
359,2019-11-30,12DF03C6:19683837391187968688,2.37034502998484,329.159675123325,67601000.0,1138.94
360,2020-01-05,12DF03C6:19523068255842304686,2.37024278777777,405.77741865074,80016000.0,961.790999999999
361,2019-11-07,12DF03C6:19683837391187968688,2.36857012700242,337.37189829853,65962000.0,801.115
362,2020-01-03,12DF03C6:19683837391187968688,2.3590580954485,432.499734520535,76739000.0,1020.29199999999
363,2019-12-07,12DF03C6:19523068255842304686,2.35514642663718,44.8562343322504,10530000.0,622.156999999999
364,2019-11-15,12DF03C6:19683837391187968688,2.3543141558508,333.751550551265,73698000.0,793.49
365,2019-10-31,12DF03C6:19613968860508160686,2.34113806572172,270.407375485067,57046000.0,638.151
366,2019-12-29,12DF03C6:19683837391187968688,2.33888274414071,371.987865650632,76413000.0,572.523
367,2019-11-24,12DF03C6:19683837391187968688,2.33835064567197,437.711941061716,85700000.0,518.204
368,2019-10-22,12DF03C6:19613968860508160686,2.33329856315343,299.488034251211,54140000.0,508.974
369,2019-10-25,12DF03C6:19890203641970688685,2.33205605943804,344.619074120225,78066000.0,514.87
370,2019-12-04,12DF03C6:19683837391187968688,2.32632893355087,429.778431407767,74098000.0,780.252999999999
371,2019-10-26,12DF03C6:19613968860508160686,2.32575824633162,421.814692712526,83276000.0,617.877
372,2020-01-14,12DF03C6:19683837391187968688,2.31741921053131,333.258219527289,60569000.0,772.299
373,2019-12-11,12DF03C6:19683837391187968688,2.29675697712567,337.808051843155,64674000.0,574.227
374,2019-12-09,12DF03C6:19523068255842304686,2.29039426859304,447.029148666595,81656000.0,433.23
375,2020-01-01,12DF03C6:19683837391187968688,2.28230866849315,341.411751511443,68051000.0,779.207
376,2019-10-20,12DF03C6:19613968860508160686,2.2793876927197,304.172038049718,55919000.0,900.615999999948
377,2019-10-28,12DF03C6:19890203641970688685,2.27841561981969,181.294842085347,35094000.0,410.770999999999
378,2019-10-29,12DF03C6:19683837391187968688,2.27700152100992,333.633944900948,66089000.0,733.157
379,2019-11-05,12DF03C6:19523068255842304686,2.27051237818461,307.198060975859,57963000.0,8.134
380,2019-12-31,12DF03C6:19683837391187968688,2.2688990791916,409.417945698567,73658000.0,
381,2019-11-28,12DF03C6:19683837391187968688,2.26199121742218,339.388585635129,57840000.0,780.876
382,2020-01-07,12DF03C6:19523068255842304686,2.25261150492863,334.643145678101,59746000.0,753.820999999999
383,2019-11-22,12DF03C6:19683837391187968688,2.25025017322906,342.005528610022,64231000.0,527.266999999999
384,2019-12-01,12DF03C6:19683837391187968688,2.24943304080732,346.493976864618,63850000.0,789.009
385,2019-11-10,12DF03C6:19727335125463040688,2.24757352668281,351.131560605614,63742000.0,792.93
386,2019-10-26,12DF03C6:19523068255842304686,2.23984958486376,312.95181816534,60928000.0,529.45
387,2020-01-13,12DF03C6:19683837391187968688,2.22538308613495,347.39771539412,66245000.0,773.093
388,2019-11-11,12DF03C6:19683837391187968688,2.22518058899211,356.580047446573,66953000.0,799.248000000021
389,2019-11-24,12DF03C6:19523068255842304686,2.21376043965965,350.675703699606,62724000.0,793.569
390,2019-11-29,12DF03C6:19683837391187968688,2.21293297337389,352.869250625993,75556000.0,420.697
391,2019-11-03,12DF03C6:19523068255842304686,2.21232918628959,315.751834911858,58214000.0,583.403
392,2019-12-09,12DF03C6:19683837391187968688,2.20698697019987,352.515447759776,64978000.0,766.771
393,2020-01-05,12DF03C6:19683837391187968688,2.20510972342864,351.494980846053,62410000.0,775.085
394,2019-11-03,12DF03C6:19727335125463040688,2.20207182552922,353.34587681444,70188000.0,588.941
395,2019-12-02,12DF03C6:19727335125463040688,2.20147890324376,355.605951456767,64030000.0,766.251
396,2019-12-31,12DF03C6:19523068255842304686,2.19963322468822,316.128612804783,59971000.0,
397,2019-11-01,12DF03C6:19613968860508160686,2.19686668747716,290.482350903522,54376000.0,780.878
398,2019-10-24,12DF03C6:19613968860508160686,2.19656285811371,345.044985715025,64897000.0,1018.356
399,2020-01-01,12DF03C6:19523068255842304686,2.19087481245855,439.439530969647,77203000.0,962.757
400,2019-11-26,12DF03C6:19683837391187968688,2.1860188852276,469.656509803255,76971000.0,766.377
401,2019-12-27,12DF03C6:19523068255842304686,2.18160898388914,346.862341321587,68547000.0,507.514
402,2019-11-13,12DF03C6:19523068255842304686,2.17765726690241,319.547070411968,59067000.0,544.653
403,2019-12-02,12DF03C6:19523068255842304686,2.17722685710421,409.809385314454,67881000.0,511.506
404,2020-01-13,12DF03C6:19890203641970688685,2.17634214851119,352.921529606652,61629000.0,768.078
405,2019-11-13,12DF03C6:19727335125463040688,2.1757597062976,350.762539535517,60181000.0,776.826
406,2019-10-28,12DF03C6:19727335125463040688,2.17413329413349,319.974401697048,54254000.0,516.116
407,2019-11-27,12DF03C6:19727335125463040688,2.17297403654442,349.717478082929,70346000.0,773.852
408,2019-11-15,12DF03C6:19890203641970688685,2.16981764181442,318.407863723641,56889000.0,9.808
409,2019-11-10,12DF03C6:19890203641970688685,2.16936237349314,246.070461312759,47825000.0,996.378999999999
410,2019-10-27,12DF03C6:19727335125463040688,2.16830439084079,269.427577819674,50760000.0,695.666999999999
411,2019-11-27,12DF03C6:19683837391187968688,2.16780982520887,353.525937140799,65723000.0,767.694
412,2019-12-04,12DF03C6:19523068255842304686,2.16469343727661,349.987202323276,59681000.0,571.352
413,2019-11-04,12DF03C6:19613968860508160686,2.16110181052536,283.01581953296,55224000.0,972.866
414,2019-12-03,12DF03C6:19523068255842304686,2.1594406673085,236.86967081042,43228000.0,757.615
415,2020-01-12,12DF03C6:19523068255842304686,2.15567051850801,323.475686109312,56503000.0,697.307
416,2019-10-30,12DF03C6:19523068255842304686,2.15342021454018,324.293417181056,58229000.0,595.703
417,2019-11-13,12DF03C6:19683837391187968688,2.15261163671436,252.278669657707,48004000.0,999.535
418,2019-11-28,12DF03C6:19523068255842304686,2.14857833961428,254.387280148287,55007000.0,783.001
419,2020-01-02,12DF03C6:19683837391187968688,2.14369604833842,239.935134646849,46114000.0,514.348
420,2019-11-06,12DF03C6:19683837391187968688,2.14209822507975,362.635098103906,64221000.0,799.088999999999
421,2019-11-03,12DF03C6:19890203641970688685,2.14003230060202,240.965054525079,48424000.0,332.394
422,2019-11-05,12DF03C6:19727335125463040688,2.13959355337774,454.006789498164,82062000.0,771.4
423,2019-10-26,12DF03C6:19890203641970688685,2.1389570477552,240.710770952762,42741000.0,758.536
424,2019-10-28,12DF03C6:19523068255842304686,2.1369359026738,355.449594463548,61507000.0,572.559
425,2019-10-25,12DF03C6:19613968860508160686,2.13620078509719,275.525598579546,55159000.0,981.039
426,2019-10-22,12DF03C6:19523068255842304686,2.13188093459189,268.251378733528,44533000.0,787.205
427,2019-12-24,12DF03C6:19523068255842304686,2.13089661687688,269.530204070516,48734000.0,699.517
428,2019-11-22,12DF03C6:19727335125463040688,2.12869161292963,328.418637887079,56305000.0,378.231999999999
429,2019-11-09,12DF03C6:19683837391187968688,2.12792233382017,215.628170590353,50046000.0,440.617000000025
430,2019-11-03,12DF03C6:19613968860508160686,2.12790177278474,371.423159709896,64145000.0,611.626
431,2019-12-06,12DF03C6:19523068255842304686,2.12628166484431,327.4298092821,54247000.0,0.538
432,2019-11-30,12DF03C6:19727335125463040688,2.12355222904369,327.15277283896,58167000.0,773.793
433,2019-12-25,12DF03C6:19523068255842304686,2.12263583644188,329.551111872576,58273000.0,513.497
434,2019-12-08,12DF03C6:19727335125463040688,2.12254667395301,328.081831389406,53704000.0,292.885999999999
435,2019-12-08,12DF03C6:19523068255842304686,2.12165159705237,243.702595052997,42524000.0,869.816
436,2019-12-29,12DF03C6:19523068255842304686,2.12066858364896,329.6135027366,61644000.0,570.227
437,2019-11-21,12DF03C6:19683837391187968688,2.11851007944925,368.540611429601,72834000.0,1116.88299999999
438,2019-10-30,12DF03C6:19727335125463040688,2.1156134215466,370.058155250152,66702000.0,766.242
439,2019-10-30,12DF03C6:19613968860508160686,2.11208256049573,376.670881565004,71291000.0,633.060999999999
440,2019-10-27,12DF03C6:19613968860508160686,2.11027521330575,292.794511400289,49574000.0,981.064
441,2019-12-11,12DF03C6:19523068255842304686,2.10908258796185,331.322255462401,62413000.0,570.671
442,2019-11-04,12DF03C6:19523068255842304686,2.10623148317791,276.989022649947,52795000.0,697.497
443,2019-12-03,12DF03C6:19683837391187968688,2.10052116503286,255.231896219247,47456000.0,999.806
444,2019-11-11,12DF03C6:19890203641970688685,2.09895565992231,474.702262189224,85035000.0,1004.044
445,2019-10-23,12DF03C6:19613968860508160686,2.09869815489339,242.518915268143,43523000.0,328.135
446,2019-10-28,12DF03C6:19683837391187968688,2.09606502867332,250.590030755129,44015000.0,759.685
447,2019-12-10,12DF03C6:19523068255842304686,2.09186410434639,276.921908453034,53483000.0,998.896
448,2019-11-02,12DF03C6:19613968860508160686,2.09087637667569,373.469234580729,71699000.0,790.352
449,2019-11-15,12DF03C6:19523068255842304686,2.08589266333544,361.161440970488,65416000.0,570.547
450,2019-10-20,12DF03C6:19890203641970688685,2.08050193132147,368.191919684228,69858000.0,774.727
451,2019-12-26,12DF03C6:19683837391187968688,2.07911902393551,208.429625726632,37487000.0,1232.065
452,2019-11-23,12DF03C6:19683837391187968688,2.0725325002789,254.407108177576,57306000.0,1023.524
453,2019-11-07,12DF03C6:19727335125463040688,2.07162160372296,373.599598792125,64032000.0,769.978
454,2019-11-14,12DF03C6:19890203641970688685,2.06433298528077,292.235314894127,56784000.0,690.887
455,2019-10-24,12DF03C6:19523068255842304686,2.06328511810781,218.588306599918,42778000.0,901.688
456,2019-12-28,12DF03C6:19683837391187968688,2.06196163493894,270.815416998063,63943000.0,1019.093
457,2019-10-29,12DF03C6:19613968860508160686,2.0608433266733,378.704673906402,68550000.0,795.56
458,2019-11-19,12DF03C6:19727335125463040688,2.05069596618245,386.246431973294,66003000.0,11.32
459,2020-01-03,12DF03C6:19523068255842304686,2.04990009541519,387.313021632495,68103000.0,793.953
460,2019-12-10,12DF03C6:19683837391187968688,2.04947793637751,374.129912008362,65274000.0,775.863
461,2019-10-27,12DF03C6:19523068255842304686,2.04239268016135,259.230267099357,44477000.0,759.573
462,2019-11-09,12DF03C6:19727335125463040688,2.03993082339743,392.54321314012,71515000.0,1070.288
463,2019-11-17,12DF03C6:19523068255842304686,2.03818497664185,336.124546030535,58800000.0,523.571
464,2019-12-26,12DF03C6:19523068255842304686,2.03739711998914,252.035793592726,45791000.0,756.718
465,2019-10-29,12DF03C6:19523068255842304686,2.03549967301477,281.286706940111,49512000.0,698.339999999999
466,2019-11-01,12DF03C6:19727335125463040688,2.03221032072462,384.793341528336,67773000.0,356.986
467,2019-11-26,12DF03C6:19727335125463040688,2.02547025202341,385.066627969899,66387000.0,759.927
468,2019-11-24,12DF03C6:19727335125463040688,2.02423715088777,385.200913666675,67830000.0,923.712
469,2019-12-30,12DF03C6:19683837391187968688,2.02350864016362,340.010903014659,64358000.0,1154.863
470,2019-10-28,12DF03C6:19613968860508160686,2.02243063329262,485.091544723477,77739000.0,780.451
471,2019-11-08,12DF03C6:19613968860508160686,2.02194264395416,229.524314840318,46225000.0,278.5
472,2019-11-02,12DF03C6:19727335125463040688,2.01545723216356,378.416861359678,69642000.0,1183.79
473,2019-12-04,12DF03C6:19727335125463040688,2.0147275006887,387.24790312005,60970000.0,766.504999999999
474,2019-11-25,12DF03C6:19683837391187968688,2.00973180893899,257.898092518937,46304000.0,1026.78
475,2019-12-28,12DF03C6:19523068255842304686,2.00774328897795,252.778332163346,46300000.0,699.001
476,2019-11-05,12DF03C6:19613968860508160686,2.00667043959256,484.816031972609,83847000.0,738.227
477,2019-11-02,12DF03C6:19683837391187968688,2.00298196489174,400.137901413064,69681000.0,826.055999999999
478,2019-11-16,12DF03C6:19727335125463040688,1.99966464649766,306.506393996357,59119000.0,968.339999999999
479,2019-11-17,12DF03C6:19727335125463040688,1.99938864290268,484.318045637278,86434000.0,374.573999999999
480,2019-10-22,12DF03C6:19890203641970688685,1.99799322918314,79.92469527301,18680000.0,
481,2019-11-19,12DF03C6:19523068255842304686,1.99724182684766,510.467979538144,77627000.0,766.917999999939
482,2019-11-12,12DF03C6:19523068255842304686,1.99526065588776,262.468965372842,45932000.0,695.864
483,2019-12-08,12DF03C6:19683837391187968688,1.99525040246496,385.148149350389,66608000.0,1028.679
484,2019-11-12,12DF03C6:19727335125463040688,1.9936471540398,393.698051538126,66043000.0,1059.532
485,2019-12-10,12DF03C6:19727335125463040688,1.99067994647238,143.266123972057,36034000.0,467.278
486,2020-01-04,12DF03C6:19683837391187968688,1.98825132541236,388.005273850376,67297000.0,771.452
487,2019-11-21,12DF03C6:19727335125463040688,1.98401018724353,290.466754508282,47164000.0,699.102
488,2019-11-23,12DF03C6:19727335125463040688,1.98148548715207,389.415923055296,73559000.0,1019.578
489,2019-12-05,12DF03C6:19523068255842304686,1.9806609045611,288.465329266751,46256000.0,696.208
490,2019-10-25,12DF03C6:19523068255842304686,1.97972322339593,455.461647034316,81910000.0,700.965
491,2019-11-01,12DF03C6:19683837391187968688,1.97457514318421,406.364884501708,70902000.0,801.469
492,2019-11-29,12DF03C6:19727335125463040688,1.97345880481846,297.799983746841,53996000.0,694.726
493,2019-12-05,12DF03C6:19727335125463040688,1.97273136750219,388.550115148482,65662000.0,562.741
494,2020-01-14,12DF03C6:19523068255842304686,1.97232941847149,289.541389309381,47503000.0,571.071
495,2020-01-11,12DF03C6:19523068255842304686,1.97114871304803,288.777298349954,49247000.0,569.223
496,2020-01-10,12DF03C6:19523068255842304686,1.96757599713135,405.528935687017,75097000.0,797.909
497,2019-12-01,12DF03C6:19523068255842304686,1.96516824950204,330.948253496766,55666000.0,892.248
498,2019-10-29,12DF03C6:19727335125463040688,1.96251844364304,390.489578573044,67015000.0,1033.127
499,2020-01-06,12DF03C6:19523068255842304686,1.95709452184392,261.336892158951,52194000.0,511.461
500,2019-11-14,12DF03C6:19523068255842304686,1.95599037807831,278.453823753008,49935000.0,753.344
501,2019-11-05,12DF03C6:19683837391187968688,1.93829928498685,395.991478687051,66535000.0,776.8
502,2019-12-01,12DF03C6:19727335125463040688,1.93382819158763,400.135339512623,72379000.0,782.858999999999
503,2019-10-31,12DF03C6:19727335125463040688,1.92993017719675,397.030943944809,72406000.0,781.981
504,2019-11-08,12DF03C6:19727335125463040688,1.92949309216357,399.057142586921,78947000.0,519.667
505,2019-12-27,12DF03C6:19683837391187968688,1.9284663905045,573.752804533213,93305000.0,298.910999999999
506,2019-11-02,12DF03C6:19523068255842304686,1.924622591557,297.691091496796,51214000.0,698.547
507,2019-12-09,12DF03C6:19727335125463040688,1.92414221715507,152.282402718252,39615000.0,285.323999999999
508,2019-11-16,12DF03C6:19890203641970688685,1.91278989998713,5.12758876448792,2532000.0,
509,2019-11-04,12DF03C6:19727335125463040688,1.90990379713325,308.361604853601,55785000.0,971.39
510,2019-11-18,12DF03C6:19727335125463040688,1.90048954936201,405.752823139103,74383000.0,1188.629
511,2019-12-06,12DF03C6:19727335125463040688,1.89545709022928,300.800267618313,50200000.0,812.356
512,2020-01-09,12DF03C6:19523068255842304686,1.89095589862925,417.596730083668,74818000.0,789.657
513,2019-11-16,12DF03C6:19523068255842304686,1.88187612988453,303.179891035126,52754000.0,685.084
514,2019-11-25,12DF03C6:19727335125463040688,1.87665343447246,410.391170715276,68657000.0,779.941
515,2019-12-30,12DF03C6:19523068255842304686,1.87167510583551,304.66131553609,52167000.0,695.367
516,2019-12-07,12DF03C6:19727335125463040688,1.86013803614733,432.73293936141,73841000.0,696.368999999999
517,2019-11-06,12DF03C6:19727335125463040688,1.85921543807952,414.906193333256,65434000.0,773.957
518,2019-12-03,12DF03C6:19727335125463040688,1.84797789371812,414.642947085425,65224000.0,780.199
519,2019-10-23,12DF03C6:19523068255842304686,1.84732138577645,426.133214318376,81051000.0,451.01
520,2019-11-26,12DF03C6:19523068255842304686,1.83176834443489,288.607454979845,52304000.0,0.429
521,2019-12-11,12DF03C6:19727335125463040688,1.82936441636482,266.91838740927,52197000.0,48.5459999999999
522,2019-11-11,12DF03C6:19523068255842304686,1.7522680676021,59.5559560374851,26895000.0,523.694
523,2019-11-18,12DF03C6:19523068255842304686,1.72051554386633,304.310531727852,47622000.0,1019.528
524,2020-01-02,12DF03C6:19523068255842304686,1.7001789619055,315.790285628673,56824000.0,536.9
525,2019-12-01,12DF03C6:19978048393314304687,1.6895970631824,0.521426095722853,804000.0,
526,2019-11-22,12DF03C6:19636436681228288687,1.64781527222777,0.162032725694444,228000.0,348.231999999999
527,2019-12-11,12DF03C6:19978048393314304687,1.63497007142591,0.379211834415584,593000.0,281.078
528,2019-11-26,12DF03C6:19636436681228288687,1.40240939881805,1.94664981730786,2475000.0,417.669
529,2019-10-24,12DF03C6:19978048393314304687,1.3564028200133,1.41993217028338,2487000.0,350.115
530,2019-12-24,12DF03C6:19636436681228288687,1.34726762958083,1.64629502802651,2676000.0,349.133
531,2019-11-20,12DF03C6:19727335125463040688,1.24281457254801,9.10835795624105,5882000.0,576.289
532,2020-01-07,12DF03C6:19636436681228288687,1.24275573637125,0.284850827591953,648000.0,0.354
533,2019-11-06,12DF03C6:19523068255842304686,1.15899158116379,7.01817004730294,3912000.0,0.158
534,2019-11-30,12DF03C6:19636436681228288687,1.13261111373324,1.44798155352221,2184000.0,425.774
535,2019-11-13,12DF03C6:19890203641970688685,1.09769385657302,9.30405134258902,7515000.0,603.27099999986
536,2019-11-08,12DF03C6:19636436681228288687,0.915676527268872,0.515465872438385,781000.0,
537,2019-12-05,12DF03C6:19636436681228288687,0.823860604941971,1.12761794219476,1251000.0,277.987
538,2019-11-05,12DF03C6:19890203641970688685,0.649144006545565,0.560738443749999,635000.0,
539,2019-11-18,12DF03C6:19890203641970688685,0.622557560269109,1.10029986577289,1784000.0,
540,2019-12-03,12DF03C6:19636436681228288687,0.556443365546339,0.132987478298611,219000.0,349.623999999999
541,2020-01-03,12DF03C6:19978048393314304687,0.469707903009401,0.257606906813271,377000.0,0.121
542,2019-11-27,12DF03C6:19523068255842304686,0.435005351355895,0.802288980841683,834000.0,546.571
543,2019-11-04,12DF03C6:19636436681228288687,0.317056872897729,1.27421934212514,2014000.0,352.127
544,2020-01-15,12DF03C6:19683837391187968688,0.259782996770914,0.650542961243264,646000.0,0.168999999999999
545,2019-10-27,12DF03C6:19683837391187968688,0.246528035273447,1.56980117727948,1676000.0,525.252999999999
546,2020-01-14,12DF03C6:19890203641970688685,0.238565677343451,0.561690187340262,688000.0,0.134
547,2020-01-06,12DF03C6:19683837391187968688,0.22548073994008,1.09543724251409,1179000.0,0.247
548,2020-01-13,12DF03C6:19523068255842304686,0.187896449947883,1.44760584926135,1899000.0,0.272
549,2019-11-07,12DF03C6:19523068255842304686,0.151664284593838,1.0417746038438,877000.0,
550,2019-11-20,12DF03C6:19890203641970688685,0.0817912534221305,1.41824455729166,1024000.0,
551,2020-01-08,12DF03C6:19523068255842304686,0.0616809209647523,1.42669724484638,1284000.0,0.088
552,2019-12-06,12DF03C6:19683837391187968688,0.024778218852838,1.04930867526912,2121000.0,795.627
553,2020-01-16,12DF03C6:19060512629444608688,,,44588000.0,568.066
554,2020-01-17,12DF03C6:19060512629444608688,,,33855000.0,391.296
555,2020-01-18,12DF03C6:19060512629444608688,,,34327000.0,454.519
556,2020-01-19,12DF03C6:19060512629444608688,,,33071000.0,398.936
557,2020-01-20,12DF03C6:19060512629444608688,,,38761000.0,559.820999999999
558,2020-01-21,12DF03C6:19060512629444608688,,,26737000.0,340.302
559,2020-01-22,12DF03C6:19060512629444608688,,,37950000.0,503.187
560,2020-01-23,12DF03C6:19060512629444608688,,,29208000.0,340.410999999999
561,2020-01-24,12DF03C6:19060512629444608688,,,39776000.0,463.575
562,2020-01-25,12DF03C6:19060512629444608688,,,39925000.0,442.52
563,2020-01-26,12DF03C6:19060512629444608688,,,43277000.0,566.294
564,2020-01-27,12DF03C6:19060512629444608688,,,32562000.0,360.588999999999
565,2020-01-28,12DF03C6:19060512629444608688,,,37733000.0,455.414
566,2020-01-29,12DF03C6:19060512629444608688,,,33841000.0,399.048
567,2020-01-30,12DF03C6:19060512629444608688,,,47597000.0,565.444
568,2020-01-31,12DF03C6:19060512629444608688,,,32703000.0,391.306
569,2020-01-16,12DF03C6:19317455059550208687,,,33525000.0,420.828999999999
570,2020-01-17,12DF03C6:19317455059550208687,,,19854000.0,308.751
571,2020-01-18,12DF03C6:19317455059550208687,,,60311000.0,570.215999999999
572,2020-01-19,12DF03C6:19317455059550208687,,,13216000.0,212.803
573,2020-01-20,12DF03C6:19317455059550208687,,,17919000.0,216.789
574,2020-01-21,12DF03C6:19317455059550208687,,,60346000.0,452.634
575,2020-01-22,12DF03C6:19317455059550208687,,,12715000.0,216.654999999999
576,2020-01-23,12DF03C6:19317455059550208687,,,,
577,2020-01-24,12DF03C6:19317455059550208687,,,19366000.0,212.906999999999
578,2020-01-25,12DF03C6:19317455059550208687,,,23309000.0,373.578
579,2020-01-26,12DF03C6:19317455059550208687,,,27465000.0,399.483
580,2020-01-27,12DF03C6:19317455059550208687,,,26536000.0,369.723
581,2020-01-28,12DF03C6:19317455059550208687,,,48890000.0,438.082999999999
582,2020-01-29,12DF03C6:19317455059550208687,,,29491000.0,435.034999999999
583,2020-01-30,12DF03C6:19317455059550208687,,,33091000.0,422.320999999999
584,2020-01-31,12DF03C6:19317455059550208687,,,28221000.0,431.688
585,2020-01-16,12DF03C6:19523068255842304686,0.275559317710691,0.464509787088334,515000.0,0.128
586,2020-01-17,12DF03C6:19523068255842304686,1.93995696177866,266.303330526639,47266000.0,516.617
587,2020-01-18,12DF03C6:19523068255842304686,2.06666677559706,361.813045445594,64608000.0,747.747
588,2020-01-19,12DF03C6:19523068255842304686,1.94857735829328,292.793610462412,49617000.0,570.531
589,2020-01-20,12DF03C6:19523068255842304686,2.1502102020816,323.366524503919,55062000.0,695.306
590,2020-01-21,12DF03C6:19523068255842304686,2.23473756929,236.87255598794,45456000.0,529.348
591,2020-01-22,12DF03C6:19523068255842304686,2.21941068614964,463.427073870838,80729000.0,1028.535
592,2020-01-23,12DF03C6:19523068255842304686,1.89402556900829,301.203959088422,55922000.0,570.488
593,2020-01-24,12DF03C6:19523068255842304686,2.18224133860934,318.402913420561,53953000.0,694.832
594,2020-01-25,12DF03C6:19523068255842304686,1.92654622105475,295.958640269651,49837000.0,570.178
595,2020-01-26,12DF03C6:19523068255842304686,2.18131305256108,318.951926310227,53267000.0,695.734
596,2020-01-27,12DF03C6:19523068255842304686,1.93120177597758,266.246130464395,47919000.0,514.175
597,2020-01-28,12DF03C6:19523068255842304686,2.12356767120208,356.548562246382,68044000.0,757.155
598,2020-01-29,12DF03C6:19523068255842304686,0.216050244279083,0.971996123867981,977000.0,0.21
599,2020-01-30,12DF03C6:19523068255842304686,1.97677083750296,130.694967316672,26115000.0,258.354
600,2020-01-31,12DF03C6:19523068255842304686,2.11870150816242,475.804636054809,81592000.0,1008.088
601,2020-01-16,12DF03C6:19890203641970688685,2.07274067062969,162.876140167326,30080000.0,337.6
602,2020-01-17,12DF03C6:19890203641970688685,2.08607061330388,202.45000207885,32954000.0,422.325
603,2020-01-18,12DF03C6:19890203641970688685,2.16006142094044,239.082090441278,42703000.0,516.432
604,2020-01-19,12DF03C6:19890203641970688685,2.27556337590844,450.057340016357,73768000.0,1024.134
605,2020-01-20,12DF03C6:19890203641970688685,2.3269138540023,247.96319769534,48182000.0,576.989
606,2020-01-21,12DF03C6:19890203641970688685,2.45022856367601,284.609774915762,51389000.0,697.358999999999
607,2020-01-22,12DF03C6:19890203641970688685,2.29210862388366,249.040553336783,49301000.0,570.828
608,2020-01-23,12DF03C6:19890203641970688685,2.2868979213951,304.12507418595,58109000.0,695.502999999981
609,2020-01-24,12DF03C6:19890203641970688685,2.0963982818779,364.488945924685,71765000.0,764.114
610,2020-01-25,12DF03C6:19890203641970688685,2.06441920180093,375.553569412478,68758000.0,775.3
611,2020-01-26,12DF03C6:19890203641970688685,2.10919571239407,245.313887639521,43391000.0,517.415
612,2020-01-27,12DF03C6:19890203641970688685,2.68371142811653,264.566075384007,57438000.0,710.019
613,2020-01-28,12DF03C6:19890203641970688685,0.196826269581477,1.48354180882915,1674000.0,0.292
614,2020-01-29,12DF03C6:19890203641970688685,2.34491675482813,245.314465349607,47986000.0,575.242
615,2020-01-30,12DF03C6:19890203641970688685,2.16078000875621,443.836020378601,76891000.0,959.032
616,2020-01-31,12DF03C6:19890203641970688685,2.32757213201213,338.588432625164,67909000.0,788.088999999999
617,2020-01-16,12DF03C6:19978048393314304687,4.52618987536577,123.46764395403,63650000.0,558.838
618,2020-01-17,12DF03C6:19978048393314304687,4.46195121289898,94.8378814131108,57111000.0,423.162
619,2020-01-18,12DF03C6:19978048393314304687,4.61574335704819,92.5549726129496,51242000.0,427.21
620,2020-01-19,12DF03C6:19978048393314304687,1.21752244840431,0.376173762217078,403000.0,0.458
621,2020-01-20,12DF03C6:19978048393314304687,,,,
622,2020-01-21,12DF03C6:19978048393314304687,2.89729244063103,2.79674909110491,2955000.0,8.103
623,2020-01-22,12DF03C6:19978048393314304687,4.54968052105913,93.3186402945856,54188000.0,424.57
624,2020-01-23,12DF03C6:19978048393314304687,4.87058840384105,79.7221953088425,47407000.0,388.294
625,2020-01-24,12DF03C6:19978048393314304687,4.36740324850898,5.85702728703444,5002000.0,25.58
626,2020-01-25,12DF03C6:19978048393314304687,1.45232180084159,1.82810724073788,3522000.0,2.655
627,2020-01-26,12DF03C6:19978048393314304687,1.0918573456249,0.188669335628363,341000.0,0.206
628,2020-01-27,12DF03C6:19978048393314304687,0.930718917806595,0.406137656351527,585000.0,0.378
629,2020-01-28,12DF03C6:19978048393314304687,4.53303901474044,123.692074605297,68219000.0,560.700999999999
630,2020-01-29,12DF03C6:19978048393314304687,4.19835895404311,68.7225659259427,38494000.0,288.522
631,2020-01-30,12DF03C6:19978048393314304687,4.09533398444163,68.6491018969559,34843000.0,281.141
632,2020-01-31,12DF03C6:19978048393314304687,4.30415122418546,98.9458729068227,53346000.0,425.878
